Field.ID	Description	Category	Category_Name
25056	Mean_FA_in_middle_cerebellar_peduncle_on_FA_skeleton	Diffusion_brain_MRI_dMRI_skeleton	Diffusion_brain_MRI
25057	Mean_FA_in_pontine_crossing_tract_on_FA_skeleton	Diffusion_brain_MRI_dMRI_skeleton	Diffusion_brain_MRI
25058	Mean_FA_in_genu_of_corpus_callosum_on_FA_skeleton	Diffusion_brain_MRI_dMRI_skeleton	Diffusion_brain_MRI
25059	Mean_FA_in_body_of_corpus_callosum_on_FA_skeleton	Diffusion_brain_MRI_dMRI_skeleton	Diffusion_brain_MRI
25060	Mean_FA_in_splenium_of_corpus_callosum_on_FA_skeleton	Diffusion_brain_MRI_dMRI_skeleton	Diffusion_brain_MRI
25061	Mean_FA_in_fornix_on_FA_skeleton	Diffusion_brain_MRI_dMRI_skeleton	Diffusion_brain_MRI
25062	Mean_FA_in_corticospinal_tract_on_FA_skeleton_(R)	Diffusion_brain_MRI_dMRI_skeleton	Diffusion_brain_MRI
25063	Mean_FA_in_corticospinal_tract_on_FA_skeleton_(L)	Diffusion_brain_MRI_dMRI_skeleton	Diffusion_brain_MRI
25064	Mean_FA_in_medial_lemniscus_on_FA_skeleton_(R)	Diffusion_brain_MRI_dMRI_skeleton	Diffusion_brain_MRI
25066	Mean_FA_in_inferior_cerebellar_peduncle_on_FA_skeleton_(R)	Diffusion_brain_MRI_dMRI_skeleton	Diffusion_brain_MRI
25067	Mean_FA_in_inferior_cerebellar_peduncle_on_FA_skeleton_(L)	Diffusion_brain_MRI_dMRI_skeleton	Diffusion_brain_MRI
25068	Mean_FA_in_superior_cerebellar_peduncle_on_FA_skeleton_(R)	Diffusion_brain_MRI_dMRI_skeleton	Diffusion_brain_MRI
25069	Mean_FA_in_superior_cerebellar_peduncle_on_FA_skeleton_(L)	Diffusion_brain_MRI_dMRI_skeleton	Diffusion_brain_MRI
25071	Mean_FA_in_cerebral_peduncle_on_FA_skeleton_(L)	Diffusion_brain_MRI_dMRI_skeleton	Diffusion_brain_MRI
25072	Mean_FA_in_anterior_limb_of_internal_capsule_on_FA_skeleton_(R)	Diffusion_brain_MRI_dMRI_skeleton	Diffusion_brain_MRI
25073	Mean_FA_in_anterior_limb_of_internal_capsule_on_FA_skeleton_(L)	Diffusion_brain_MRI_dMRI_skeleton	Diffusion_brain_MRI
25074	Mean_FA_in_posterior_limb_of_internal_capsule_on_FA_skeleton_(R)	Diffusion_brain_MRI_dMRI_skeleton	Diffusion_brain_MRI
25075	Mean_FA_in_posterior_limb_of_internal_capsule_on_FA_skeleton_(L)	Diffusion_brain_MRI_dMRI_skeleton	Diffusion_brain_MRI
25076	Mean_FA_in_retrolenticular_part_of_internal_capsule_on_FA_skeleton_(R)	Diffusion_brain_MRI_dMRI_skeleton	Diffusion_brain_MRI
25077	Mean_FA_in_retrolenticular_part_of_internal_capsule_on_FA_skeleton_(L)	Diffusion_brain_MRI_dMRI_skeleton	Diffusion_brain_MRI
25078	Mean_FA_in_anterior_corona_radiata_on_FA_skeleton_(R)	Diffusion_brain_MRI_dMRI_skeleton	Diffusion_brain_MRI
25079	Mean_FA_in_anterior_corona_radiata_on_FA_skeleton_(L)	Diffusion_brain_MRI_dMRI_skeleton	Diffusion_brain_MRI
25080	Mean_FA_in_superior_corona_radiata_on_FA_skeleton_(R)	Diffusion_brain_MRI_dMRI_skeleton	Diffusion_brain_MRI
25081	Mean_FA_in_superior_corona_radiata_on_FA_skeleton_(L)	Diffusion_brain_MRI_dMRI_skeleton	Diffusion_brain_MRI
25083	Mean_FA_in_posterior_corona_radiata_on_FA_skeleton_(L)	Diffusion_brain_MRI_dMRI_skeleton	Diffusion_brain_MRI
25084	Mean_FA_in_posterior_thalamic_radiation_on_FA_skeleton_(R)	Diffusion_brain_MRI_dMRI_skeleton	Diffusion_brain_MRI
25085	Mean_FA_in_posterior_thalamic_radiation_on_FA_skeleton_(L)	Diffusion_brain_MRI_dMRI_skeleton	Diffusion_brain_MRI
25086	Mean_FA_in_sagittal_stratum_on_FA_skeleton_(R)	Diffusion_brain_MRI_dMRI_skeleton	Diffusion_brain_MRI
25087	Mean_FA_in_sagittal_stratum_on_FA_skeleton_(L)	Diffusion_brain_MRI_dMRI_skeleton	Diffusion_brain_MRI
25088	Mean_FA_in_external_capsule_on_FA_skeleton_(R)	Diffusion_brain_MRI_dMRI_skeleton	Diffusion_brain_MRI
25089	Mean_FA_in_external_capsule_on_FA_skeleton_(L)	Diffusion_brain_MRI_dMRI_skeleton	Diffusion_brain_MRI
25090	Mean_FA_in_cingulum_cingulate_gyrus_on_FA_skeleton_(R)	Diffusion_brain_MRI_dMRI_skeleton	Diffusion_brain_MRI
25091	Mean_FA_in_cingulum_cingulate_gyrus_on_FA_skeleton_(L)	Diffusion_brain_MRI_dMRI_skeleton	Diffusion_brain_MRI
25092	Mean_FA_in_cingulum_hippocampus_on_FA_skeleton_(R)	Diffusion_brain_MRI_dMRI_skeleton	Diffusion_brain_MRI
25093	Mean_FA_in_cingulum_hippocampus_on_FA_skeleton_(L)	Diffusion_brain_MRI_dMRI_skeleton	Diffusion_brain_MRI
25094	Mean_FA_in_fornix_cres+stria_terminalis_on_FA_skeleton_(R)	Diffusion_brain_MRI_dMRI_skeleton	Diffusion_brain_MRI
25096	Mean_FA_in_superior_longitudinal_fasciculus_on_FA_skeleton_(R)	Diffusion_brain_MRI_dMRI_skeleton	Diffusion_brain_MRI
25097	Mean_FA_in_superior_longitudinal_fasciculus_on_FA_skeleton_(L)	Diffusion_brain_MRI_dMRI_skeleton	Diffusion_brain_MRI
25098	Mean_FA_in_superior_fronto-occipital_fasciculus_on_FA_skeleton_(R)	Diffusion_brain_MRI_dMRI_skeleton	Diffusion_brain_MRI
25099	Mean_FA_in_superior_fronto-occipital_fasciculus_on_FA_skeleton_(L)	Diffusion_brain_MRI_dMRI_skeleton	Diffusion_brain_MRI
25100	Mean_FA_in_uncinate_fasciculus_on_FA_skeleton_(R)	Diffusion_brain_MRI_dMRI_skeleton	Diffusion_brain_MRI
25101	Mean_FA_in_uncinate_fasciculus_on_FA_skeleton_(L)	Diffusion_brain_MRI_dMRI_skeleton	Diffusion_brain_MRI
25102	Mean_FA_in_tapetum_on_FA_skeleton_(R)	Diffusion_brain_MRI_dMRI_skeleton	Diffusion_brain_MRI
25103	Mean_FA_in_tapetum_on_FA_skeleton_(L)	Diffusion_brain_MRI_dMRI_skeleton	Diffusion_brain_MRI
25344	Mean_ICVF_in_middle_cerebellar_peduncle_on_FA_skeleton	Diffusion_brain_MRI_dMRI_skeleton	Diffusion_brain_MRI
25345	Mean_ICVF_in_pontine_crossing_tract_on_FA_skeleton	Diffusion_brain_MRI_dMRI_skeleton	Diffusion_brain_MRI
25346	Mean_ICVF_in_genu_of_corpus_callosum_on_FA_skeleton	Diffusion_brain_MRI_dMRI_skeleton	Diffusion_brain_MRI
25347	Mean_ICVF_in_body_of_corpus_callosum_on_FA_skeleton	Diffusion_brain_MRI_dMRI_skeleton	Diffusion_brain_MRI
25349	Mean_ICVF_in_fornix_on_FA_skeleton	Diffusion_brain_MRI_dMRI_skeleton	Diffusion_brain_MRI
25350	Mean_ICVF_in_corticospinal_tract_on_FA_skeleton_(R)	Diffusion_brain_MRI_dMRI_skeleton	Diffusion_brain_MRI
25351	Mean_ICVF_in_corticospinal_tract_on_FA_skeleton_(L)	Diffusion_brain_MRI_dMRI_skeleton	Diffusion_brain_MRI
25352	Mean_ICVF_in_medial_lemniscus_on_FA_skeleton_(R)	Diffusion_brain_MRI_dMRI_skeleton	Diffusion_brain_MRI
25353	Mean_ICVF_in_medial_lemniscus_on_FA_skeleton_(L)	Diffusion_brain_MRI_dMRI_skeleton	Diffusion_brain_MRI
25354	Mean_ICVF_in_inferior_cerebellar_peduncle_on_FA_skeleton_(R)	Diffusion_brain_MRI_dMRI_skeleton	Diffusion_brain_MRI
25355	Mean_ICVF_in_inferior_cerebellar_peduncle_on_FA_skeleton_(L)	Diffusion_brain_MRI_dMRI_skeleton	Diffusion_brain_MRI
25356	Mean_ICVF_in_superior_cerebellar_peduncle_on_FA_skeleton_(R)	Diffusion_brain_MRI_dMRI_skeleton	Diffusion_brain_MRI
25357	Mean_ICVF_in_superior_cerebellar_peduncle_on_FA_skeleton_(L)	Diffusion_brain_MRI_dMRI_skeleton	Diffusion_brain_MRI
25358	Mean_ICVF_in_cerebral_peduncle_on_FA_skeleton_(R)	Diffusion_brain_MRI_dMRI_skeleton	Diffusion_brain_MRI
25359	Mean_ICVF_in_cerebral_peduncle_on_FA_skeleton_(L)	Diffusion_brain_MRI_dMRI_skeleton	Diffusion_brain_MRI
25360	Mean_ICVF_in_anterior_limb_of_internal_capsule_on_FA_skeleton_(R)	Diffusion_brain_MRI_dMRI_skeleton	Diffusion_brain_MRI
25361	Mean_ICVF_in_anterior_limb_of_internal_capsule_on_FA_skeleton_(L)	Diffusion_brain_MRI_dMRI_skeleton	Diffusion_brain_MRI
25362	Mean_ICVF_in_posterior_limb_of_internal_capsule_on_FA_skeleton_(R)	Diffusion_brain_MRI_dMRI_skeleton	Diffusion_brain_MRI
25363	Mean_ICVF_in_posterior_limb_of_internal_capsule_on_FA_skeleton_(L)	Diffusion_brain_MRI_dMRI_skeleton	Diffusion_brain_MRI
25364	Mean_ICVF_in_retrolenticular_part_of_internal_capsule_on_FA_skeleton_(R)	Diffusion_brain_MRI_dMRI_skeleton	Diffusion_brain_MRI
25365	Mean_ICVF_in_retrolenticular_part_of_internal_capsule_on_FA_skeleton_(L)	Diffusion_brain_MRI_dMRI_skeleton	Diffusion_brain_MRI
25366	Mean_ICVF_in_anterior_corona_radiata_on_FA_skeleton_(R)	Diffusion_brain_MRI_dMRI_skeleton	Diffusion_brain_MRI
25367	Mean_ICVF_in_anterior_corona_radiata_on_FA_skeleton_(L)	Diffusion_brain_MRI_dMRI_skeleton	Diffusion_brain_MRI
25368	Mean_ICVF_in_superior_corona_radiata_on_FA_skeleton_(R)	Diffusion_brain_MRI_dMRI_skeleton	Diffusion_brain_MRI
25369	Mean_ICVF_in_superior_corona_radiata_on_FA_skeleton_(L)	Diffusion_brain_MRI_dMRI_skeleton	Diffusion_brain_MRI
25370	Mean_ICVF_in_posterior_corona_radiata_on_FA_skeleton_(R)	Diffusion_brain_MRI_dMRI_skeleton	Diffusion_brain_MRI
25371	Mean_ICVF_in_posterior_corona_radiata_on_FA_skeleton_(L)	Diffusion_brain_MRI_dMRI_skeleton	Diffusion_brain_MRI
25372	Mean_ICVF_in_posterior_thalamic_radiation_on_FA_skeleton_(R)	Diffusion_brain_MRI_dMRI_skeleton	Diffusion_brain_MRI
25373	Mean_ICVF_in_posterior_thalamic_radiation_on_FA_skeleton_(L)	Diffusion_brain_MRI_dMRI_skeleton	Diffusion_brain_MRI
25374	Mean_ICVF_in_sagittal_stratum_on_FA_skeleton_(R)	Diffusion_brain_MRI_dMRI_skeleton	Diffusion_brain_MRI
25375	Mean_ICVF_in_sagittal_stratum_on_FA_skeleton_(L)	Diffusion_brain_MRI_dMRI_skeleton	Diffusion_brain_MRI
25376	Mean_ICVF_in_external_capsule_on_FA_skeleton_(R)	Diffusion_brain_MRI_dMRI_skeleton	Diffusion_brain_MRI
25377	Mean_ICVF_in_external_capsule_on_FA_skeleton_(L)	Diffusion_brain_MRI_dMRI_skeleton	Diffusion_brain_MRI
25378	Mean_ICVF_in_cingulum_cingulate_gyrus_on_FA_skeleton_(R)	Diffusion_brain_MRI_dMRI_skeleton	Diffusion_brain_MRI
25379	Mean_ICVF_in_cingulum_cingulate_gyrus_on_FA_skeleton_(L)	Diffusion_brain_MRI_dMRI_skeleton	Diffusion_brain_MRI
25380	Mean_ICVF_in_cingulum_hippocampus_on_FA_skeleton_(R)	Diffusion_brain_MRI_dMRI_skeleton	Diffusion_brain_MRI
25381	Mean_ICVF_in_cingulum_hippocampus_on_FA_skeleton_(L)	Diffusion_brain_MRI_dMRI_skeleton	Diffusion_brain_MRI
25382	Mean_ICVF_in_fornix_cres+stria_terminalis_on_FA_skeleton_(R)	Diffusion_brain_MRI_dMRI_skeleton	Diffusion_brain_MRI
25383	Mean_ICVF_in_fornix_cres+stria_terminalis_on_FA_skeleton_(L)	Diffusion_brain_MRI_dMRI_skeleton	Diffusion_brain_MRI
25384	Mean_ICVF_in_superior_longitudinal_fasciculus_on_FA_skeleton_(R)	Diffusion_brain_MRI_dMRI_skeleton	Diffusion_brain_MRI
25385	Mean_ICVF_in_superior_longitudinal_fasciculus_on_FA_skeleton_(L)	Diffusion_brain_MRI_dMRI_skeleton	Diffusion_brain_MRI
25386	Mean_ICVF_in_superior_fronto-occipital_fasciculus_on_FA_skeleton_(R)	Diffusion_brain_MRI_dMRI_skeleton	Diffusion_brain_MRI
25387	Mean_ICVF_in_superior_fronto-occipital_fasciculus_on_FA_skeleton_(L)	Diffusion_brain_MRI_dMRI_skeleton	Diffusion_brain_MRI
25388	Mean_ICVF_in_uncinate_fasciculus_on_FA_skeleton_(R)	Diffusion_brain_MRI_dMRI_skeleton	Diffusion_brain_MRI
25389	Mean_ICVF_in_uncinate_fasciculus_on_FA_skeleton_(L)	Diffusion_brain_MRI_dMRI_skeleton	Diffusion_brain_MRI
25391	Mean_ICVF_in_tapetum_on_FA_skeleton_(L)	Diffusion_brain_MRI_dMRI_skeleton	Diffusion_brain_MRI
25440	Mean_ISOVF_in_middle_cerebellar_peduncle_on_FA_skeleton	Diffusion_brain_MRI_dMRI_skeleton	Diffusion_brain_MRI
25441	Mean_ISOVF_in_pontine_crossing_tract_on_FA_skeleton	Diffusion_brain_MRI_dMRI_skeleton	Diffusion_brain_MRI
25443	Mean_ISOVF_in_body_of_corpus_callosum_on_FA_skeleton	Diffusion_brain_MRI_dMRI_skeleton	Diffusion_brain_MRI
25445	Mean_ISOVF_in_fornix_on_FA_skeleton	Diffusion_brain_MRI_dMRI_skeleton	Diffusion_brain_MRI
25446	Mean_ISOVF_in_corticospinal_tract_on_FA_skeleton_(R)	Diffusion_brain_MRI_dMRI_skeleton	Diffusion_brain_MRI
25447	Mean_ISOVF_in_corticospinal_tract_on_FA_skeleton_(L)	Diffusion_brain_MRI_dMRI_skeleton	Diffusion_brain_MRI
25451	Mean_ISOVF_in_inferior_cerebellar_peduncle_on_FA_skeleton_(L)	Diffusion_brain_MRI_dMRI_skeleton	Diffusion_brain_MRI
25452	Mean_ISOVF_in_superior_cerebellar_peduncle_on_FA_skeleton_(R)	Diffusion_brain_MRI_dMRI_skeleton	Diffusion_brain_MRI
25453	Mean_ISOVF_in_superior_cerebellar_peduncle_on_FA_skeleton_(L)	Diffusion_brain_MRI_dMRI_skeleton	Diffusion_brain_MRI
25457	Mean_ISOVF_in_anterior_limb_of_internal_capsule_on_FA_skeleton_(L)	Diffusion_brain_MRI_dMRI_skeleton	Diffusion_brain_MRI
25458	Mean_ISOVF_in_posterior_limb_of_internal_capsule_on_FA_skeleton_(R)	Diffusion_brain_MRI_dMRI_skeleton	Diffusion_brain_MRI
25460	Mean_ISOVF_in_retrolenticular_part_of_internal_capsule_on_FA_skeleton_(R)	Diffusion_brain_MRI_dMRI_skeleton	Diffusion_brain_MRI
25461	Mean_ISOVF_in_retrolenticular_part_of_internal_capsule_on_FA_skeleton_(L)	Diffusion_brain_MRI_dMRI_skeleton	Diffusion_brain_MRI
25462	Mean_ISOVF_in_anterior_corona_radiata_on_FA_skeleton_(R)	Diffusion_brain_MRI_dMRI_skeleton	Diffusion_brain_MRI
25463	Mean_ISOVF_in_anterior_corona_radiata_on_FA_skeleton_(L)	Diffusion_brain_MRI_dMRI_skeleton	Diffusion_brain_MRI
25464	Mean_ISOVF_in_superior_corona_radiata_on_FA_skeleton_(R)	Diffusion_brain_MRI_dMRI_skeleton	Diffusion_brain_MRI
25465	Mean_ISOVF_in_superior_corona_radiata_on_FA_skeleton_(L)	Diffusion_brain_MRI_dMRI_skeleton	Diffusion_brain_MRI
25467	Mean_ISOVF_in_posterior_corona_radiata_on_FA_skeleton_(L)	Diffusion_brain_MRI_dMRI_skeleton	Diffusion_brain_MRI
25469	Mean_ISOVF_in_posterior_thalamic_radiation_on_FA_skeleton_(L)	Diffusion_brain_MRI_dMRI_skeleton	Diffusion_brain_MRI
25470	Mean_ISOVF_in_sagittal_stratum_on_FA_skeleton_(R)	Diffusion_brain_MRI_dMRI_skeleton	Diffusion_brain_MRI
25471	Mean_ISOVF_in_sagittal_stratum_on_FA_skeleton_(L)	Diffusion_brain_MRI_dMRI_skeleton	Diffusion_brain_MRI
25473	Mean_ISOVF_in_external_capsule_on_FA_skeleton_(L)	Diffusion_brain_MRI_dMRI_skeleton	Diffusion_brain_MRI
25474	Mean_ISOVF_in_cingulum_cingulate_gyrus_on_FA_skeleton_(R)	Diffusion_brain_MRI_dMRI_skeleton	Diffusion_brain_MRI
25475	Mean_ISOVF_in_cingulum_cingulate_gyrus_on_FA_skeleton_(L)	Diffusion_brain_MRI_dMRI_skeleton	Diffusion_brain_MRI
25482	Mean_ISOVF_in_superior_fronto-occipital_fasciculus_on_FA_skeleton_(R)	Diffusion_brain_MRI_dMRI_skeleton	Diffusion_brain_MRI
25483	Mean_ISOVF_in_superior_fronto-occipital_fasciculus_on_FA_skeleton_(L)	Diffusion_brain_MRI_dMRI_skeleton	Diffusion_brain_MRI
25488	WA_FA_in_tract_acoustic_radiation_(L)	Diffusion_brain_MRI_dMRI_weighted_means	Diffusion_brain_MRI
25489	WA_FA_in_tract_acoustic_radiation_(R)	Diffusion_brain_MRI_dMRI_weighted_means	Diffusion_brain_MRI
25490	WA_FA_in_tract_anterior_thalamic_radiation_(L)	Diffusion_brain_MRI_dMRI_weighted_means	Diffusion_brain_MRI
25491	WA_FA_in_tract_anterior_thalamic_radiation_(R)	Diffusion_brain_MRI_dMRI_weighted_means	Diffusion_brain_MRI
25492	WA_FA_in_tract_cingulate_gyrus_part_of_cingulum_(L)	Diffusion_brain_MRI_dMRI_weighted_means	Diffusion_brain_MRI
25493	WA_FA_in_tract_cingulate_gyrus_part_of_cingulum_(R)	Diffusion_brain_MRI_dMRI_weighted_means	Diffusion_brain_MRI
25495	WA_FA_in_tract_parahippocampal_part_of_cingulum_(R)	Diffusion_brain_MRI_dMRI_weighted_means	Diffusion_brain_MRI
25497	WA_FA_in_tract_corticospinal_tract_(R)	Diffusion_brain_MRI_dMRI_weighted_means	Diffusion_brain_MRI
25498	WA_FA_in_tract_forceps_major	Diffusion_brain_MRI_dMRI_weighted_means	Diffusion_brain_MRI
25499	WA_FA_in_tract_forceps_minor	Diffusion_brain_MRI_dMRI_weighted_means	Diffusion_brain_MRI
25500	WA_FA_in_tract_inferior_fronto-occipital_fasciculus_(L)	Diffusion_brain_MRI_dMRI_weighted_means	Diffusion_brain_MRI
25501	WA_FA_in_tract_inferior_fronto-occipital_fasciculus_(R)	Diffusion_brain_MRI_dMRI_weighted_means	Diffusion_brain_MRI
25502	WA_FA_in_tract_inferior_longitudinal_fasciculus_(L)	Diffusion_brain_MRI_dMRI_weighted_means	Diffusion_brain_MRI
25503	WA_FA_in_tract_inferior_longitudinal_fasciculus_(R)	Diffusion_brain_MRI_dMRI_weighted_means	Diffusion_brain_MRI
25506	WA_FA_in_tract_medial_lemniscus_(R)	Diffusion_brain_MRI_dMRI_weighted_means	Diffusion_brain_MRI
25507	WA_FA_in_tract_posterior_thalamic_radiation_(L)	Diffusion_brain_MRI_dMRI_weighted_means	Diffusion_brain_MRI
25508	WA_FA_in_tract_posterior_thalamic_radiation_(R)	Diffusion_brain_MRI_dMRI_weighted_means	Diffusion_brain_MRI
25509	WA_FA_in_tract_superior_longitudinal_fasciculus_(L)	Diffusion_brain_MRI_dMRI_weighted_means	Diffusion_brain_MRI
25511	WA_FA_in_tract_superior_thalamic_radiation_(L)	Diffusion_brain_MRI_dMRI_weighted_means	Diffusion_brain_MRI
25512	WA_FA_in_tract_superior_thalamic_radiation_(R)	Diffusion_brain_MRI_dMRI_weighted_means	Diffusion_brain_MRI
25513	WA_FA_in_tract_uncinate_fasciculus_(L)	Diffusion_brain_MRI_dMRI_weighted_means	Diffusion_brain_MRI
25514	WA_FA_in_tract_uncinate_fasciculus_(R)	Diffusion_brain_MRI_dMRI_weighted_means	Diffusion_brain_MRI
25515	WA_MD_in_tract_acoustic_radiation_(L)	Diffusion_brain_MRI_dMRI_weighted_means	Diffusion_brain_MRI
25516	WA_MD_in_tract_acoustic_radiation_(R)	Diffusion_brain_MRI_dMRI_weighted_means	Diffusion_brain_MRI
25517	WA_MD_in_tract_anterior_thalamic_radiation_(L)	Diffusion_brain_MRI_dMRI_weighted_means	Diffusion_brain_MRI
25519	WA_MD_in_tract_cingulate_gyrus_part_of_cingulum_(L)	Diffusion_brain_MRI_dMRI_weighted_means	Diffusion_brain_MRI
25520	WA_MD_in_tract_cingulate_gyrus_part_of_cingulum_(R)	Diffusion_brain_MRI_dMRI_weighted_means	Diffusion_brain_MRI
25521	WA_MD_in_tract_parahippocampal_part_of_cingulum_(L)	Diffusion_brain_MRI_dMRI_weighted_means	Diffusion_brain_MRI
25523	WA_MD_in_tract_corticospinal_tract_(L)	Diffusion_brain_MRI_dMRI_weighted_means	Diffusion_brain_MRI
25524	WA_MD_in_tract_corticospinal_tract_(R)	Diffusion_brain_MRI_dMRI_weighted_means	Diffusion_brain_MRI
25525	WA_MD_in_tract_forceps_major	Diffusion_brain_MRI_dMRI_weighted_means	Diffusion_brain_MRI
25526	WA_MD_in_tract_forceps_minor	Diffusion_brain_MRI_dMRI_weighted_means	Diffusion_brain_MRI
25527	WA_MD_in_tract_inferior_fronto-occipital_fasciculus_(L)	Diffusion_brain_MRI_dMRI_weighted_means	Diffusion_brain_MRI
25528	WA_MD_in_tract_inferior_fronto-occipital_fasciculus_(R)	Diffusion_brain_MRI_dMRI_weighted_means	Diffusion_brain_MRI
25529	WA_MD_in_tract_inferior_longitudinal_fasciculus_(L)	Diffusion_brain_MRI_dMRI_weighted_means	Diffusion_brain_MRI
25530	WA_MD_in_tract_inferior_longitudinal_fasciculus_(R)	Diffusion_brain_MRI_dMRI_weighted_means	Diffusion_brain_MRI
25531	WA_MD_in_tract_middle_cerebellar_peduncle	Diffusion_brain_MRI_dMRI_weighted_means	Diffusion_brain_MRI
25533	WA_MD_in_tract_medial_lemniscus_(R)	Diffusion_brain_MRI_dMRI_weighted_means	Diffusion_brain_MRI
25536	WA_MD_in_tract_superior_longitudinal_fasciculus_(L)	Diffusion_brain_MRI_dMRI_weighted_means	Diffusion_brain_MRI
25538	WA_MD_in_tract_superior_thalamic_radiation_(L)	Diffusion_brain_MRI_dMRI_weighted_means	Diffusion_brain_MRI
25539	WA_MD_in_tract_superior_thalamic_radiation_(R)	Diffusion_brain_MRI_dMRI_weighted_means	Diffusion_brain_MRI
25540	WA_MD_in_tract_uncinate_fasciculus_(L)	Diffusion_brain_MRI_dMRI_weighted_means	Diffusion_brain_MRI
25541	WA_MD_in_tract_uncinate_fasciculus_(R)	Diffusion_brain_MRI_dMRI_weighted_means	Diffusion_brain_MRI
25542	WA_MO_in_tract_acoustic_radiation_(L)	Diffusion_brain_MRI_dMRI_weighted_means	Diffusion_brain_MRI
25543	WA_MO_in_tract_acoustic_radiation_(R)	Diffusion_brain_MRI_dMRI_weighted_means	Diffusion_brain_MRI
25544	WA_MO_in_tract_anterior_thalamic_radiation_(L)	Diffusion_brain_MRI_dMRI_weighted_means	Diffusion_brain_MRI
25545	WA_MO_in_tract_anterior_thalamic_radiation_(R)	Diffusion_brain_MRI_dMRI_weighted_means	Diffusion_brain_MRI
25548	WA_MO_in_tract_parahippocampal_part_of_cingulum_(L)	Diffusion_brain_MRI_dMRI_weighted_means	Diffusion_brain_MRI
25549	WA_MO_in_tract_parahippocampal_part_of_cingulum_(R)	Diffusion_brain_MRI_dMRI_weighted_means	Diffusion_brain_MRI
25551	WA_MO_in_tract_corticospinal_tract_(R)	Diffusion_brain_MRI_dMRI_weighted_means	Diffusion_brain_MRI
25553	WA_MO_in_tract_forceps_minor	Diffusion_brain_MRI_dMRI_weighted_means	Diffusion_brain_MRI
25555	WA_MO_in_tract_inferior_fronto-occipital_fasciculus_(R)	Diffusion_brain_MRI_dMRI_weighted_means	Diffusion_brain_MRI
25558	WA_MO_in_tract_middle_cerebellar_peduncle	Diffusion_brain_MRI_dMRI_weighted_means	Diffusion_brain_MRI
25560	WA_MO_in_tract_medial_lemniscus_(R)	Diffusion_brain_MRI_dMRI_weighted_means	Diffusion_brain_MRI
25561	WA_MO_in_tract_posterior_thalamic_radiation_(L)	Diffusion_brain_MRI_dMRI_weighted_means	Diffusion_brain_MRI
25562	WA_MO_in_tract_posterior_thalamic_radiation_(R)	Diffusion_brain_MRI_dMRI_weighted_means	Diffusion_brain_MRI
25563	WA_MO_in_tract_superior_longitudinal_fasciculus_(L)	Diffusion_brain_MRI_dMRI_weighted_means	Diffusion_brain_MRI
25564	WA_MO_in_tract_superior_longitudinal_fasciculus_(R)	Diffusion_brain_MRI_dMRI_weighted_means	Diffusion_brain_MRI
25566	WA_MO_in_tract_superior_thalamic_radiation_(R)	Diffusion_brain_MRI_dMRI_weighted_means	Diffusion_brain_MRI
25570	WA_L1_in_tract_acoustic_radiation_(R)	Diffusion_brain_MRI_dMRI_weighted_means	Diffusion_brain_MRI
25571	WA_L1_in_tract_anterior_thalamic_radiation_(L)	Diffusion_brain_MRI_dMRI_weighted_means	Diffusion_brain_MRI
25572	WA_L1_in_tract_anterior_thalamic_radiation_(R)	Diffusion_brain_MRI_dMRI_weighted_means	Diffusion_brain_MRI
25578	WA_L1_in_tract_corticospinal_tract_(R)	Diffusion_brain_MRI_dMRI_weighted_means	Diffusion_brain_MRI
25579	WA_L1_in_tract_forceps_major	Diffusion_brain_MRI_dMRI_weighted_means	Diffusion_brain_MRI
25580	WA_L1_in_tract_forceps_minor	Diffusion_brain_MRI_dMRI_weighted_means	Diffusion_brain_MRI
25581	WA_L1_in_tract_inferior_fronto-occipital_fasciculus_(L)	Diffusion_brain_MRI_dMRI_weighted_means	Diffusion_brain_MRI
25582	WA_L1_in_tract_inferior_fronto-occipital_fasciculus_(R)	Diffusion_brain_MRI_dMRI_weighted_means	Diffusion_brain_MRI
25583	WA_L1_in_tract_inferior_longitudinal_fasciculus_(L)	Diffusion_brain_MRI_dMRI_weighted_means	Diffusion_brain_MRI
25584	WA_L1_in_tract_inferior_longitudinal_fasciculus_(R)	Diffusion_brain_MRI_dMRI_weighted_means	Diffusion_brain_MRI
25585	WA_L1_in_tract_middle_cerebellar_peduncle	Diffusion_brain_MRI_dMRI_weighted_means	Diffusion_brain_MRI
25589	WA_L1_in_tract_posterior_thalamic_radiation_(R)	Diffusion_brain_MRI_dMRI_weighted_means	Diffusion_brain_MRI
25590	WA_L1_in_tract_superior_longitudinal_fasciculus_(L)	Diffusion_brain_MRI_dMRI_weighted_means	Diffusion_brain_MRI
25591	WA_L1_in_tract_superior_longitudinal_fasciculus_(R)	Diffusion_brain_MRI_dMRI_weighted_means	Diffusion_brain_MRI
25592	WA_L1_in_tract_superior_thalamic_radiation_(L)	Diffusion_brain_MRI_dMRI_weighted_means	Diffusion_brain_MRI
25593	WA_L1_in_tract_superior_thalamic_radiation_(R)	Diffusion_brain_MRI_dMRI_weighted_means	Diffusion_brain_MRI
25594	WA_L1_in_tract_uncinate_fasciculus_(L)	Diffusion_brain_MRI_dMRI_weighted_means	Diffusion_brain_MRI
25597	WA_L2_in_tract_acoustic_radiation_(R)	Diffusion_brain_MRI_dMRI_weighted_means	Diffusion_brain_MRI
25598	WA_L2_in_tract_anterior_thalamic_radiation_(L)	Diffusion_brain_MRI_dMRI_weighted_means	Diffusion_brain_MRI
25599	WA_L2_in_tract_anterior_thalamic_radiation_(R)	Diffusion_brain_MRI_dMRI_weighted_means	Diffusion_brain_MRI
25600	WA_L2_in_tract_cingulate_gyrus_part_of_cingulum_(L)	Diffusion_brain_MRI_dMRI_weighted_means	Diffusion_brain_MRI
25601	WA_L2_in_tract_cingulate_gyrus_part_of_cingulum_(R)	Diffusion_brain_MRI_dMRI_weighted_means	Diffusion_brain_MRI
25602	WA_L2_in_tract_parahippocampal_part_of_cingulum_(L)	Diffusion_brain_MRI_dMRI_weighted_means	Diffusion_brain_MRI
25604	WA_L2_in_tract_corticospinal_tract_(L)	Diffusion_brain_MRI_dMRI_weighted_means	Diffusion_brain_MRI
25605	WA_L2_in_tract_corticospinal_tract_(R)	Diffusion_brain_MRI_dMRI_weighted_means	Diffusion_brain_MRI
25606	WA_L2_in_tract_forceps_major	Diffusion_brain_MRI_dMRI_weighted_means	Diffusion_brain_MRI
25607	WA_L2_in_tract_forceps_minor	Diffusion_brain_MRI_dMRI_weighted_means	Diffusion_brain_MRI
25608	WA_L2_in_tract_inferior_fronto-occipital_fasciculus_(L)	Diffusion_brain_MRI_dMRI_weighted_means	Diffusion_brain_MRI
25609	WA_L2_in_tract_inferior_fronto-occipital_fasciculus_(R)	Diffusion_brain_MRI_dMRI_weighted_means	Diffusion_brain_MRI
25610	WA_L2_in_tract_inferior_longitudinal_fasciculus_(L)	Diffusion_brain_MRI_dMRI_weighted_means	Diffusion_brain_MRI
25611	WA_L2_in_tract_inferior_longitudinal_fasciculus_(R)	Diffusion_brain_MRI_dMRI_weighted_means	Diffusion_brain_MRI
25614	WA_L2_in_tract_medial_lemniscus_(R)	Diffusion_brain_MRI_dMRI_weighted_means	Diffusion_brain_MRI
25615	WA_L2_in_tract_posterior_thalamic_radiation_(L)	Diffusion_brain_MRI_dMRI_weighted_means	Diffusion_brain_MRI
25617	WA_L2_in_tract_superior_longitudinal_fasciculus_(L)	Diffusion_brain_MRI_dMRI_weighted_means	Diffusion_brain_MRI
25618	WA_L2_in_tract_superior_longitudinal_fasciculus_(R)	Diffusion_brain_MRI_dMRI_weighted_means	Diffusion_brain_MRI
25619	WA_L2_in_tract_superior_thalamic_radiation_(L)	Diffusion_brain_MRI_dMRI_weighted_means	Diffusion_brain_MRI
25621	WA_L2_in_tract_uncinate_fasciculus_(L)	Diffusion_brain_MRI_dMRI_weighted_means	Diffusion_brain_MRI
25622	WA_L2_in_tract_uncinate_fasciculus_(R)	Diffusion_brain_MRI_dMRI_weighted_means	Diffusion_brain_MRI
25624	WA_L3_in_tract_acoustic_radiation_(R)	Diffusion_brain_MRI_dMRI_weighted_means	Diffusion_brain_MRI
25625	WA_L3_in_tract_anterior_thalamic_radiation_(L)	Diffusion_brain_MRI_dMRI_weighted_means	Diffusion_brain_MRI
25626	WA_L3_in_tract_anterior_thalamic_radiation_(R)	Diffusion_brain_MRI_dMRI_weighted_means	Diffusion_brain_MRI
25627	WA_L3_in_tract_cingulate_gyrus_part_of_cingulum_(L)	Diffusion_brain_MRI_dMRI_weighted_means	Diffusion_brain_MRI
25628	WA_L3_in_tract_cingulate_gyrus_part_of_cingulum_(R)	Diffusion_brain_MRI_dMRI_weighted_means	Diffusion_brain_MRI
25633	WA_L3_in_tract_forceps_major	Diffusion_brain_MRI_dMRI_weighted_means	Diffusion_brain_MRI
25634	WA_L3_in_tract_forceps_minor	Diffusion_brain_MRI_dMRI_weighted_means	Diffusion_brain_MRI
25635	WA_L3_in_tract_inferior_fronto-occipital_fasciculus_(L)	Diffusion_brain_MRI_dMRI_weighted_means	Diffusion_brain_MRI
25636	WA_L3_in_tract_inferior_fronto-occipital_fasciculus_(R)	Diffusion_brain_MRI_dMRI_weighted_means	Diffusion_brain_MRI
25637	WA_L3_in_tract_inferior_longitudinal_fasciculus_(L)	Diffusion_brain_MRI_dMRI_weighted_means	Diffusion_brain_MRI
25638	WA_L3_in_tract_inferior_longitudinal_fasciculus_(R)	Diffusion_brain_MRI_dMRI_weighted_means	Diffusion_brain_MRI
25639	WA_L3_in_tract_middle_cerebellar_peduncle	Diffusion_brain_MRI_dMRI_weighted_means	Diffusion_brain_MRI
25640	WA_L3_in_tract_medial_lemniscus_(L)	Diffusion_brain_MRI_dMRI_weighted_means	Diffusion_brain_MRI
25641	WA_L3_in_tract_medial_lemniscus_(R)	Diffusion_brain_MRI_dMRI_weighted_means	Diffusion_brain_MRI
25642	WA_L3_in_tract_posterior_thalamic_radiation_(L)	Diffusion_brain_MRI_dMRI_weighted_means	Diffusion_brain_MRI
25644	WA_L3_in_tract_superior_longitudinal_fasciculus_(L)	Diffusion_brain_MRI_dMRI_weighted_means	Diffusion_brain_MRI
25646	WA_L3_in_tract_superior_thalamic_radiation_(L)	Diffusion_brain_MRI_dMRI_weighted_means	Diffusion_brain_MRI
25647	WA_L3_in_tract_superior_thalamic_radiation_(R)	Diffusion_brain_MRI_dMRI_weighted_means	Diffusion_brain_MRI
25648	WA_L3_in_tract_uncinate_fasciculus_(L)	Diffusion_brain_MRI_dMRI_weighted_means	Diffusion_brain_MRI
25649	WA_L3_in_tract_uncinate_fasciculus_(R)	Diffusion_brain_MRI_dMRI_weighted_means	Diffusion_brain_MRI
25650	WA_ICVF_in_tract_acoustic_radiation_(L)	Diffusion_brain_MRI_dMRI_weighted_means	Diffusion_brain_MRI
25651	WA_ICVF_in_tract_acoustic_radiation_(R)	Diffusion_brain_MRI_dMRI_weighted_means	Diffusion_brain_MRI
25652	WA_ICVF_in_tract_anterior_thalamic_radiation_(L)	Diffusion_brain_MRI_dMRI_weighted_means	Diffusion_brain_MRI
25653	WA_ICVF_in_tract_anterior_thalamic_radiation_(R)	Diffusion_brain_MRI_dMRI_weighted_means	Diffusion_brain_MRI
25654	WA_ICVF_in_tract_cingulate_gyrus_part_of_cingulum_(L)	Diffusion_brain_MRI_dMRI_weighted_means	Diffusion_brain_MRI
25655	WA_ICVF_in_tract_cingulate_gyrus_part_of_cingulum_(R)	Diffusion_brain_MRI_dMRI_weighted_means	Diffusion_brain_MRI
25656	WA_ICVF_in_tract_parahippocampal_part_of_cingulum_(L)	Diffusion_brain_MRI_dMRI_weighted_means	Diffusion_brain_MRI
25657	WA_ICVF_in_tract_parahippocampal_part_of_cingulum_(R)	Diffusion_brain_MRI_dMRI_weighted_means	Diffusion_brain_MRI
25658	WA_ICVF_in_tract_corticospinal_tract_(L)	Diffusion_brain_MRI_dMRI_weighted_means	Diffusion_brain_MRI
25659	WA_ICVF_in_tract_corticospinal_tract_(R)	Diffusion_brain_MRI_dMRI_weighted_means	Diffusion_brain_MRI
25660	WA_ICVF_in_tract_forceps_major	Diffusion_brain_MRI_dMRI_weighted_means	Diffusion_brain_MRI
25661	WA_ICVF_in_tract_forceps_minor	Diffusion_brain_MRI_dMRI_weighted_means	Diffusion_brain_MRI
25662	WA_ICVF_in_tract_inferior_fronto-occipital_fasciculus_(L)	Diffusion_brain_MRI_dMRI_weighted_means	Diffusion_brain_MRI
25663	WA_ICVF_in_tract_inferior_fronto-occipital_fasciculus_(R)	Diffusion_brain_MRI_dMRI_weighted_means	Diffusion_brain_MRI
25664	WA_ICVF_in_tract_inferior_longitudinal_fasciculus_(L)	Diffusion_brain_MRI_dMRI_weighted_means	Diffusion_brain_MRI
25665	WA_ICVF_in_tract_inferior_longitudinal_fasciculus_(R)	Diffusion_brain_MRI_dMRI_weighted_means	Diffusion_brain_MRI
25666	WA_ICVF_in_tract_middle_cerebellar_peduncle	Diffusion_brain_MRI_dMRI_weighted_means	Diffusion_brain_MRI
25667	WA_ICVF_in_tract_medial_lemniscus_(L)	Diffusion_brain_MRI_dMRI_weighted_means	Diffusion_brain_MRI
25668	WA_ICVF_in_tract_medial_lemniscus_(R)	Diffusion_brain_MRI_dMRI_weighted_means	Diffusion_brain_MRI
25669	WA_ICVF_in_tract_posterior_thalamic_radiation_(L)	Diffusion_brain_MRI_dMRI_weighted_means	Diffusion_brain_MRI
25670	WA_ICVF_in_tract_posterior_thalamic_radiation_(R)	Diffusion_brain_MRI_dMRI_weighted_means	Diffusion_brain_MRI
25671	WA_ICVF_in_tract_superior_longitudinal_fasciculus_(L)	Diffusion_brain_MRI_dMRI_weighted_means	Diffusion_brain_MRI
25672	WA_ICVF_in_tract_superior_longitudinal_fasciculus_(R)	Diffusion_brain_MRI_dMRI_weighted_means	Diffusion_brain_MRI
25673	WA_ICVF_in_tract_superior_thalamic_radiation_(L)	Diffusion_brain_MRI_dMRI_weighted_means	Diffusion_brain_MRI
25674	WA_ICVF_in_tract_superior_thalamic_radiation_(R)	Diffusion_brain_MRI_dMRI_weighted_means	Diffusion_brain_MRI
25675	WA_ICVF_in_tract_uncinate_fasciculus_(L)	Diffusion_brain_MRI_dMRI_weighted_means	Diffusion_brain_MRI
25676	WA_ICVF_in_tract_uncinate_fasciculus_(R)	Diffusion_brain_MRI_dMRI_weighted_means	Diffusion_brain_MRI
25679	WA_OD_in_tract_anterior_thalamic_radiation_(L)	Diffusion_brain_MRI_dMRI_weighted_means	Diffusion_brain_MRI
25680	WA_OD_in_tract_anterior_thalamic_radiation_(R)	Diffusion_brain_MRI_dMRI_weighted_means	Diffusion_brain_MRI
25681	WA_OD_in_tract_cingulate_gyrus_part_of_cingulum_(L)	Diffusion_brain_MRI_dMRI_weighted_means	Diffusion_brain_MRI
25682	WA_OD_in_tract_cingulate_gyrus_part_of_cingulum_(R)	Diffusion_brain_MRI_dMRI_weighted_means	Diffusion_brain_MRI
25684	WA_OD_in_tract_parahippocampal_part_of_cingulum_(R)	Diffusion_brain_MRI_dMRI_weighted_means	Diffusion_brain_MRI
25685	WA_OD_in_tract_corticospinal_tract_(L)	Diffusion_brain_MRI_dMRI_weighted_means	Diffusion_brain_MRI
25687	WA_OD_in_tract_forceps_major	Diffusion_brain_MRI_dMRI_weighted_means	Diffusion_brain_MRI
25689	WA_OD_in_tract_inferior_fronto-occipital_fasciculus_(L)	Diffusion_brain_MRI_dMRI_weighted_means	Diffusion_brain_MRI
25690	WA_OD_in_tract_inferior_fronto-occipital_fasciculus_(R)	Diffusion_brain_MRI_dMRI_weighted_means	Diffusion_brain_MRI
25691	WA_OD_in_tract_inferior_longitudinal_fasciculus_(L)	Diffusion_brain_MRI_dMRI_weighted_means	Diffusion_brain_MRI
25692	WA_OD_in_tract_inferior_longitudinal_fasciculus_(R)	Diffusion_brain_MRI_dMRI_weighted_means	Diffusion_brain_MRI
25694	WA_OD_in_tract_medial_lemniscus_(L)	Diffusion_brain_MRI_dMRI_weighted_means	Diffusion_brain_MRI
25695	WA_OD_in_tract_medial_lemniscus_(R)	Diffusion_brain_MRI_dMRI_weighted_means	Diffusion_brain_MRI
25696	WA_OD_in_tract_posterior_thalamic_radiation_(L)	Diffusion_brain_MRI_dMRI_weighted_means	Diffusion_brain_MRI
25697	WA_OD_in_tract_posterior_thalamic_radiation_(R)	Diffusion_brain_MRI_dMRI_weighted_means	Diffusion_brain_MRI
25698	WA_OD_in_tract_superior_longitudinal_fasciculus_(L)	Diffusion_brain_MRI_dMRI_weighted_means	Diffusion_brain_MRI
25699	WA_OD_in_tract_superior_longitudinal_fasciculus_(R)	Diffusion_brain_MRI_dMRI_weighted_means	Diffusion_brain_MRI
25700	WA_OD_in_tract_superior_thalamic_radiation_(L)	Diffusion_brain_MRI_dMRI_weighted_means	Diffusion_brain_MRI
25701	WA_OD_in_tract_superior_thalamic_radiation_(R)	Diffusion_brain_MRI_dMRI_weighted_means	Diffusion_brain_MRI
25702	WA_OD_in_tract_uncinate_fasciculus_(L)	Diffusion_brain_MRI_dMRI_weighted_means	Diffusion_brain_MRI
25703	WA_OD_in_tract_uncinate_fasciculus_(R)	Diffusion_brain_MRI_dMRI_weighted_means	Diffusion_brain_MRI
25704	WA_ISOVF_in_tract_acoustic_radiation_(L)	Diffusion_brain_MRI_dMRI_weighted_means	Diffusion_brain_MRI
25705	WA_ISOVF_in_tract_acoustic_radiation_(R)	Diffusion_brain_MRI_dMRI_weighted_means	Diffusion_brain_MRI
25707	WA_ISOVF_in_tract_anterior_thalamic_radiation_(R)	Diffusion_brain_MRI_dMRI_weighted_means	Diffusion_brain_MRI
25708	WA_ISOVF_in_tract_cingulate_gyrus_part_of_cingulum_(L)	Diffusion_brain_MRI_dMRI_weighted_means	Diffusion_brain_MRI
25709	WA_ISOVF_in_tract_cingulate_gyrus_part_of_cingulum_(R)	Diffusion_brain_MRI_dMRI_weighted_means	Diffusion_brain_MRI
25712	WA_ISOVF_in_tract_corticospinal_tract_(L)	Diffusion_brain_MRI_dMRI_weighted_means	Diffusion_brain_MRI
25713	WA_ISOVF_in_tract_corticospinal_tract_(R)	Diffusion_brain_MRI_dMRI_weighted_means	Diffusion_brain_MRI
25716	WA_ISOVF_in_tract_inferior_fronto-occipital_fasciculus_(L)	Diffusion_brain_MRI_dMRI_weighted_means	Diffusion_brain_MRI
25717	WA_ISOVF_in_tract_inferior_fronto-occipital_fasciculus_(R)	Diffusion_brain_MRI_dMRI_weighted_means	Diffusion_brain_MRI
25718	WA_ISOVF_in_tract_inferior_longitudinal_fasciculus_(L)	Diffusion_brain_MRI_dMRI_weighted_means	Diffusion_brain_MRI
25719	WA_ISOVF_in_tract_inferior_longitudinal_fasciculus_(R)	Diffusion_brain_MRI_dMRI_weighted_means	Diffusion_brain_MRI
25723	WA_ISOVF_in_tract_posterior_thalamic_radiation_(L)	Diffusion_brain_MRI_dMRI_weighted_means	Diffusion_brain_MRI
25724	WA_ISOVF_in_tract_posterior_thalamic_radiation_(R)	Diffusion_brain_MRI_dMRI_weighted_means	Diffusion_brain_MRI
25725	WA_ISOVF_in_tract_superior_longitudinal_fasciculus_(L)	Diffusion_brain_MRI_dMRI_weighted_means	Diffusion_brain_MRI
25726	WA_ISOVF_in_tract_superior_longitudinal_fasciculus_(R)	Diffusion_brain_MRI_dMRI_weighted_means	Diffusion_brain_MRI
25727	WA_ISOVF_in_tract_superior_thalamic_radiation_(L)	Diffusion_brain_MRI_dMRI_weighted_means	Diffusion_brain_MRI
25728	WA_ISOVF_in_tract_superior_thalamic_radiation_(R)	Diffusion_brain_MRI_dMRI_weighted_means	Diffusion_brain_MRI
25729	WA_ISOVF_in_tract_uncinate_fasciculus_(L)	Diffusion_brain_MRI_dMRI_weighted_means	Diffusion_brain_MRI
25730	WA_ISOVF_in_tract_uncinate_fasciculus_(R)	Diffusion_brain_MRI_dMRI_weighted_means	Diffusion_brain_MRI
25026	Median_T2star_in_thalamus_(L)	Susceptibility_weighted_brain_MRI	Susceptibility_weighted_brain_MRI
25027	Median_T2star_in_thalamus_(R)	Susceptibility_weighted_brain_MRI	Susceptibility_weighted_brain_MRI
25028	Median_T2star_in_caudate_(L)	Susceptibility_weighted_brain_MRI	Susceptibility_weighted_brain_MRI
25029	Median_T2star_in_caudate_(R)	Susceptibility_weighted_brain_MRI	Susceptibility_weighted_brain_MRI
25030	Median_T2star_in_putamen_(L)	Susceptibility_weighted_brain_MRI	Susceptibility_weighted_brain_MRI
25031	Median_T2star_in_putamen_(R)	Susceptibility_weighted_brain_MRI	Susceptibility_weighted_brain_MRI
25032	Median_T2star_in_pallidum_(L)	Susceptibility_weighted_brain_MRI	Susceptibility_weighted_brain_MRI
25033	Median_T2star_in_pallidum_(R)	Susceptibility_weighted_brain_MRI	Susceptibility_weighted_brain_MRI
25034	Median_T2star_in_hippocampus_(L)	Susceptibility_weighted_brain_MRI	Susceptibility_weighted_brain_MRI
25036	Median_T2star_in_amygdala_(L)	Susceptibility_weighted_brain_MRI	Susceptibility_weighted_brain_MRI
25037	Median_T2star_in_amygdala_(R)	Susceptibility_weighted_brain_MRI	Susceptibility_weighted_brain_MRI
25039	Median_T2star_in_accumbens_(R)	Susceptibility_weighted_brain_MRI	Susceptibility_weighted_brain_MRI
25000	Volumetric_scaling_from_T1_head_image_to_standard_space	T1_structural_brain_MRI	T1_structural_brain_MRI
25001	Vol._of_peripheral_cortical_grey_matter_(normalised_for_head_size)	T1_structural_brain_MRI	T1_structural_brain_MRI
25002	Vol._of_peripheral_cortical_grey_matter	T1_structural_brain_MRI	T1_structural_brain_MRI
25003	Vol._of_ventricular_cerebrospinal_fluid_(normalised_for_head_size)	T1_structural_brain_MRI	T1_structural_brain_MRI
25004	Vol._of_ventricular_cerebrospinal_fluid	T1_structural_brain_MRI	T1_structural_brain_MRI
25005	Vol._of_grey_matter_(normalised_for_head_size)	T1_structural_brain_MRI	T1_structural_brain_MRI
25006	Vol._of_grey_matter	T1_structural_brain_MRI	T1_structural_brain_MRI
25007	Vol._of_white_matter_(normalised_for_head_size)	T1_structural_brain_MRI	T1_structural_brain_MRI
25008	Vol._of_white_matter	T1_structural_brain_MRI	T1_structural_brain_MRI
25009	Vol._of_brain,_grey+white_matter_(normalised_for_head_size)	T1_structural_brain_MRI	T1_structural_brain_MRI
25010	Vol._of_brain,_grey+white_matter	T1_structural_brain_MRI	T1_structural_brain_MRI
25011	Vol._of_thalamus_(L)	T1_structural_brain_MRI_Subcortical_volumes_(FIRST)	T1_structural_brain_MRI
25012	Vol._of_thalamus_(R)	T1_structural_brain_MRI_Subcortical_volumes_(FIRST)	T1_structural_brain_MRI
25013	Vol._of_caudate_(L)	T1_structural_brain_MRI_Subcortical_volumes_(FIRST)	T1_structural_brain_MRI
25014	Vol._of_caudate_(R)	T1_structural_brain_MRI_Subcortical_volumes_(FIRST)	T1_structural_brain_MRI
25015	Vol._of_putamen_(L)	T1_structural_brain_MRI_Subcortical_volumes_(FIRST)	T1_structural_brain_MRI
25016	Vol._of_putamen_(R)	T1_structural_brain_MRI_Subcortical_volumes_(FIRST)	T1_structural_brain_MRI
25017	Vol._of_pallidum_(L)	T1_structural_brain_MRI_Subcortical_volumes_(FIRST)	T1_structural_brain_MRI
25018	Vol._of_pallidum_(R)	T1_structural_brain_MRI_Subcortical_volumes_(FIRST)	T1_structural_brain_MRI
25019	Vol._of_hippocampus_(L)	T1_structural_brain_MRI_Subcortical_volumes_(FIRST)	T1_structural_brain_MRI
25021	Vol._of_amygdala_(L)	T1_structural_brain_MRI_Subcortical_volumes_(FIRST)	T1_structural_brain_MRI
25022	Vol._of_amygdala_(R)	T1_structural_brain_MRI_Subcortical_volumes_(FIRST)	T1_structural_brain_MRI
25023	Vol._of_accumbens_(L)	T1_structural_brain_MRI_Subcortical_volumes_(FIRST)	T1_structural_brain_MRI
25024	Vol._of_accumbens_(R)	T1_structural_brain_MRI_Subcortical_volumes_(FIRST)	T1_structural_brain_MRI
25025	Vol._of_brain_stem_+_4th_ventricle	T1_structural_brain_MRI	T1_structural_brain_MRI
25734	Inverted_signal-to-noise_ratio_in_T1	T1_structural_brain_MRI	T1_structural_brain_MRI
25782	Vol._of_grey_matter_in_Frontal_Pole_(L)	T1_structural_brain_MRI_Regional_grey_matter_volumes_(FAST)	T1_structural_brain_MRI
25784	Vol._of_grey_matter_in_Insular_Cortex_(L)	T1_structural_brain_MRI_Regional_grey_matter_volumes_(FAST)	T1_structural_brain_MRI
25785	Vol._of_grey_matter_in_Insular_Cortex_(R)	T1_structural_brain_MRI_Regional_grey_matter_volumes_(FAST)	T1_structural_brain_MRI
25786	Vol._of_grey_matter_in_Superior_Frontal_Gyrus_(L)	T1_structural_brain_MRI_Regional_grey_matter_volumes_(FAST)	T1_structural_brain_MRI
25787	Vol._of_grey_matter_in_Superior_Frontal_Gyrus_(R)	T1_structural_brain_MRI_Regional_grey_matter_volumes_(FAST)	T1_structural_brain_MRI
25788	Vol._of_grey_matter_in_Middle_Frontal_Gyrus_(L)	T1_structural_brain_MRI_Regional_grey_matter_volumes_(FAST)	T1_structural_brain_MRI
25789	Vol._of_grey_matter_in_Middle_Frontal_Gyrus_(R)	T1_structural_brain_MRI_Regional_grey_matter_volumes_(FAST)	T1_structural_brain_MRI
25791	Vol._of_grey_matter_in_Inferior_Frontal_Gyrus,_pars_triangularis_(R)	T1_structural_brain_MRI_Regional_grey_matter_volumes_(FAST)	T1_structural_brain_MRI
25793	Vol._of_grey_matter_in_Inferior_Frontal_Gyrus,_pars_opercularis_(R)	T1_structural_brain_MRI_Regional_grey_matter_volumes_(FAST)	T1_structural_brain_MRI
25794	Vol._of_grey_matter_in_Precentral_Gyrus_(L)	T1_structural_brain_MRI_Regional_grey_matter_volumes_(FAST)	T1_structural_brain_MRI
25795	Vol._of_grey_matter_in_Precentral_Gyrus_(R)	T1_structural_brain_MRI_Regional_grey_matter_volumes_(FAST)	T1_structural_brain_MRI
25796	Vol._of_grey_matter_in_Temporal_Pole_(L)	T1_structural_brain_MRI_Regional_grey_matter_volumes_(FAST)	T1_structural_brain_MRI
25797	Vol._of_grey_matter_in_Temporal_Pole_(R)	T1_structural_brain_MRI_Regional_grey_matter_volumes_(FAST)	T1_structural_brain_MRI
25798	Vol._of_grey_matter_in_Superior_Temporal_Gyrus,_anterior_division_(L)	T1_structural_brain_MRI_Regional_grey_matter_volumes_(FAST)	T1_structural_brain_MRI
25799	Vol._of_grey_matter_in_Superior_Temporal_Gyrus,_anterior_division_(R)	T1_structural_brain_MRI_Regional_grey_matter_volumes_(FAST)	T1_structural_brain_MRI
25800	Vol._of_grey_matter_in_Superior_Temporal_Gyrus,_posterior_division_(L)	T1_structural_brain_MRI_Regional_grey_matter_volumes_(FAST)	T1_structural_brain_MRI
25801	Vol._of_grey_matter_in_Superior_Temporal_Gyrus,_posterior_division_(R)	T1_structural_brain_MRI_Regional_grey_matter_volumes_(FAST)	T1_structural_brain_MRI
25803	Vol._of_grey_matter_in_Middle_Temporal_Gyrus,_anterior_division_(R)	T1_structural_brain_MRI_Regional_grey_matter_volumes_(FAST)	T1_structural_brain_MRI
25805	Vol._of_grey_matter_in_Middle_Temporal_Gyrus,_posterior_division_(R)	T1_structural_brain_MRI_Regional_grey_matter_volumes_(FAST)	T1_structural_brain_MRI
25806	Vol._of_grey_matter_in_Middle_Temporal_Gyrus,_temporooccipital_part_(L)	T1_structural_brain_MRI_Regional_grey_matter_volumes_(FAST)	T1_structural_brain_MRI
25807	Vol._of_grey_matter_in_Middle_Temporal_Gyrus,_temporooccipital_part_(R)	T1_structural_brain_MRI_Regional_grey_matter_volumes_(FAST)	T1_structural_brain_MRI
25808	Vol._of_grey_matter_in_Inferior_Temporal_Gyrus,_anterior_division_(L)	T1_structural_brain_MRI_Regional_grey_matter_volumes_(FAST)	T1_structural_brain_MRI
25809	Vol._of_grey_matter_in_Inferior_Temporal_Gyrus,_anterior_division_(R)	T1_structural_brain_MRI_Regional_grey_matter_volumes_(FAST)	T1_structural_brain_MRI
25810	Vol._of_grey_matter_in_Inferior_Temporal_Gyrus,_posterior_division_(L)	T1_structural_brain_MRI_Regional_grey_matter_volumes_(FAST)	T1_structural_brain_MRI
25812	Vol._of_grey_matter_in_Inferior_Temporal_Gyrus,_temporooccipital_part_(L)	T1_structural_brain_MRI_Regional_grey_matter_volumes_(FAST)	T1_structural_brain_MRI
25813	Vol._of_grey_matter_in_Inferior_Temporal_Gyrus,_temporooccipital_part_(R)	T1_structural_brain_MRI_Regional_grey_matter_volumes_(FAST)	T1_structural_brain_MRI
25815	Vol._of_grey_matter_in_Postcentral_Gyrus_(R)	T1_structural_brain_MRI_Regional_grey_matter_volumes_(FAST)	T1_structural_brain_MRI
25817	Vol._of_grey_matter_in_Superior_Parietal_Lobule_(R)	T1_structural_brain_MRI_Regional_grey_matter_volumes_(FAST)	T1_structural_brain_MRI
25818	Vol._of_grey_matter_in_Supramarginal_Gyrus,_anterior_division_(L)	T1_structural_brain_MRI_Regional_grey_matter_volumes_(FAST)	T1_structural_brain_MRI
25820	Vol._of_grey_matter_in_Supramarginal_Gyrus,_posterior_division_(L)	T1_structural_brain_MRI_Regional_grey_matter_volumes_(FAST)	T1_structural_brain_MRI
25822	Vol._of_grey_matter_in_Angular_Gyrus_(L)	T1_structural_brain_MRI_Regional_grey_matter_volumes_(FAST)	T1_structural_brain_MRI
25825	Vol._of_grey_matter_in_Lateral_Occipital_Cortex,_superior_division_(R)	T1_structural_brain_MRI_Regional_grey_matter_volumes_(FAST)	T1_structural_brain_MRI
25827	Vol._of_grey_matter_in_Lateral_Occipital_Cortex,_inferior_division_(R)	T1_structural_brain_MRI_Regional_grey_matter_volumes_(FAST)	T1_structural_brain_MRI
25828	Vol._of_grey_matter_in_Intracalcarine_Cortex_(L)	T1_structural_brain_MRI_Regional_grey_matter_volumes_(FAST)	T1_structural_brain_MRI
25829	Vol._of_grey_matter_in_Intracalcarine_Cortex_(R)	T1_structural_brain_MRI_Regional_grey_matter_volumes_(FAST)	T1_structural_brain_MRI
25830	Vol._of_grey_matter_in_Frontal_Medial_Cortex_(L)	T1_structural_brain_MRI_Regional_grey_matter_volumes_(FAST)	T1_structural_brain_MRI
25833	Vol._of_grey_matter_in_Juxtapositional_Lobule_Cortex_(formerly_Supplementary_Motor_Cortex)_(R)	T1_structural_brain_MRI_Regional_grey_matter_volumes_(FAST)	T1_structural_brain_MRI
25834	Vol._of_grey_matter_in_Subcallosal_Cortex_(L)	T1_structural_brain_MRI_Regional_grey_matter_volumes_(FAST)	T1_structural_brain_MRI
25835	Vol._of_grey_matter_in_Subcallosal_Cortex_(R)	T1_structural_brain_MRI_Regional_grey_matter_volumes_(FAST)	T1_structural_brain_MRI
25837	Vol._of_grey_matter_in_Paracingulate_Gyrus_(R)	T1_structural_brain_MRI_Regional_grey_matter_volumes_(FAST)	T1_structural_brain_MRI
25838	Vol._of_grey_matter_in_Cingulate_Gyrus,_anterior_division_(L)	T1_structural_brain_MRI_Regional_grey_matter_volumes_(FAST)	T1_structural_brain_MRI
25839	Vol._of_grey_matter_in_Cingulate_Gyrus,_anterior_division_(R)	T1_structural_brain_MRI_Regional_grey_matter_volumes_(FAST)	T1_structural_brain_MRI
25840	Vol._of_grey_matter_in_Cingulate_Gyrus,_posterior_division_(L)	T1_structural_brain_MRI_Regional_grey_matter_volumes_(FAST)	T1_structural_brain_MRI
25841	Vol._of_grey_matter_in_Cingulate_Gyrus,_posterior_division_(R)	T1_structural_brain_MRI_Regional_grey_matter_volumes_(FAST)	T1_structural_brain_MRI
25842	Vol._of_grey_matter_in_Precuneous_Cortex_(L)	T1_structural_brain_MRI_Regional_grey_matter_volumes_(FAST)	T1_structural_brain_MRI
25845	Vol._of_grey_matter_in_Cuneal_Cortex_(R)	T1_structural_brain_MRI_Regional_grey_matter_volumes_(FAST)	T1_structural_brain_MRI
25846	Vol._of_grey_matter_in_Frontal_Orbital_Cortex_(L)	T1_structural_brain_MRI_Regional_grey_matter_volumes_(FAST)	T1_structural_brain_MRI
25847	Vol._of_grey_matter_in_Frontal_Orbital_Cortex_(R)	T1_structural_brain_MRI_Regional_grey_matter_volumes_(FAST)	T1_structural_brain_MRI
25848	Vol._of_grey_matter_in_Parahippocampal_Gyrus,_anterior_division_(L)	T1_structural_brain_MRI_Regional_grey_matter_volumes_(FAST)	T1_structural_brain_MRI
25849	Vol._of_grey_matter_in_Parahippocampal_Gyrus,_anterior_division_(R)	T1_structural_brain_MRI_Regional_grey_matter_volumes_(FAST)	T1_structural_brain_MRI
25850	Vol._of_grey_matter_in_Parahippocampal_Gyrus,_posterior_division_(L)	T1_structural_brain_MRI_Regional_grey_matter_volumes_(FAST)	T1_structural_brain_MRI
25851	Vol._of_grey_matter_in_Parahippocampal_Gyrus,_posterior_division_(R)	T1_structural_brain_MRI_Regional_grey_matter_volumes_(FAST)	T1_structural_brain_MRI
25853	Vol._of_grey_matter_in_Lingual_Gyrus_(R)	T1_structural_brain_MRI_Regional_grey_matter_volumes_(FAST)	T1_structural_brain_MRI
25854	Vol._of_grey_matter_in_Temporal_Fusiform_Cortex,_anterior_division_(L)	T1_structural_brain_MRI_Regional_grey_matter_volumes_(FAST)	T1_structural_brain_MRI
25856	Vol._of_grey_matter_in_Temporal_Fusiform_Cortex,_posterior_division_(L)	T1_structural_brain_MRI_Regional_grey_matter_volumes_(FAST)	T1_structural_brain_MRI
25857	Vol._of_grey_matter_in_Temporal_Fusiform_Cortex,_posterior_division_(R)	T1_structural_brain_MRI_Regional_grey_matter_volumes_(FAST)	T1_structural_brain_MRI
25859	Vol._of_grey_matter_in_Temporal_Occipital_Fusiform_Cortex_(R)	T1_structural_brain_MRI_Regional_grey_matter_volumes_(FAST)	T1_structural_brain_MRI
25860	Vol._of_grey_matter_in_Occipital_Fusiform_Gyrus_(L)	T1_structural_brain_MRI_Regional_grey_matter_volumes_(FAST)	T1_structural_brain_MRI
25861	Vol._of_grey_matter_in_Occipital_Fusiform_Gyrus_(R)	T1_structural_brain_MRI_Regional_grey_matter_volumes_(FAST)	T1_structural_brain_MRI
25862	Vol._of_grey_matter_in_Frontal_Operculum_Cortex_(L)	T1_structural_brain_MRI_Regional_grey_matter_volumes_(FAST)	T1_structural_brain_MRI
25864	Vol._of_grey_matter_in_Central_Opercular_Cortex_(L)	T1_structural_brain_MRI_Regional_grey_matter_volumes_(FAST)	T1_structural_brain_MRI
25865	Vol._of_grey_matter_in_Central_Opercular_Cortex_(R)	T1_structural_brain_MRI_Regional_grey_matter_volumes_(FAST)	T1_structural_brain_MRI
25866	Vol._of_grey_matter_in_Parietal_Operculum_Cortex_(L)	T1_structural_brain_MRI_Regional_grey_matter_volumes_(FAST)	T1_structural_brain_MRI
25867	Vol._of_grey_matter_in_Parietal_Operculum_Cortex_(R)	T1_structural_brain_MRI_Regional_grey_matter_volumes_(FAST)	T1_structural_brain_MRI
25868	Vol._of_grey_matter_in_Planum_Polare_(L)	T1_structural_brain_MRI_Regional_grey_matter_volumes_(FAST)	T1_structural_brain_MRI
25869	Vol._of_grey_matter_in_Planum_Polare_(R)	T1_structural_brain_MRI_Regional_grey_matter_volumes_(FAST)	T1_structural_brain_MRI
25870	Vol._of_grey_matter_in_Heschl's_Gyrus_(includes_H1_and_H2)_(L)	T1_structural_brain_MRI_Regional_grey_matter_volumes_(FAST)	T1_structural_brain_MRI
25871	Vol._of_grey_matter_in_Heschl's_Gyrus_(includes_H1_and_H2)_(R)	T1_structural_brain_MRI_Regional_grey_matter_volumes_(FAST)	T1_structural_brain_MRI
25872	Vol._of_grey_matter_in_Planum_Temporale_(L)	T1_structural_brain_MRI_Regional_grey_matter_volumes_(FAST)	T1_structural_brain_MRI
25873	Vol._of_grey_matter_in_Planum_Temporale_(R)	T1_structural_brain_MRI_Regional_grey_matter_volumes_(FAST)	T1_structural_brain_MRI
25874	Vol._of_grey_matter_in_Supracalcarine_Cortex_(L)	T1_structural_brain_MRI_Regional_grey_matter_volumes_(FAST)	T1_structural_brain_MRI
25875	Vol._of_grey_matter_in_Supracalcarine_Cortex_(R)	T1_structural_brain_MRI_Regional_grey_matter_volumes_(FAST)	T1_structural_brain_MRI
25877	Vol._of_grey_matter_in_Occipital_Pole_(R)	T1_structural_brain_MRI_Regional_grey_matter_volumes_(FAST)	T1_structural_brain_MRI
25878	Vol._of_grey_matter_in_Thalamus_(L)	T1_structural_brain_MRI_Regional_grey_matter_volumes_(FAST)	T1_structural_brain_MRI
25879	Vol._of_grey_matter_in_Thalamus_(R)	T1_structural_brain_MRI_Regional_grey_matter_volumes_(FAST)	T1_structural_brain_MRI
25880	Vol._of_grey_matter_in_Caudate_(L)	T1_structural_brain_MRI_Regional_grey_matter_volumes_(FAST)	T1_structural_brain_MRI
25881	Vol._of_grey_matter_in_Caudate_(R)	T1_structural_brain_MRI_Regional_grey_matter_volumes_(FAST)	T1_structural_brain_MRI
25882	Vol._of_grey_matter_in_Putamen_(L)	T1_structural_brain_MRI_Regional_grey_matter_volumes_(FAST)	T1_structural_brain_MRI
25883	Vol._of_grey_matter_in_Putamen_(R)	T1_structural_brain_MRI_Regional_grey_matter_volumes_(FAST)	T1_structural_brain_MRI
25886	Vol._of_grey_matter_in_Hippocampus_(L)	T1_structural_brain_MRI_Regional_grey_matter_volumes_(FAST)	T1_structural_brain_MRI
25887	Vol._of_grey_matter_in_Hippocampus_(R)	T1_structural_brain_MRI_Regional_grey_matter_volumes_(FAST)	T1_structural_brain_MRI
25888	Vol._of_grey_matter_in_Amygdala_(L)	T1_structural_brain_MRI_Regional_grey_matter_volumes_(FAST)	T1_structural_brain_MRI
25890	Vol._of_grey_matter_in_Ventral_Striatum_(L)	T1_structural_brain_MRI_Regional_grey_matter_volumes_(FAST)	T1_structural_brain_MRI
25891	Vol._of_grey_matter_in_Ventral_Striatum_(R)	T1_structural_brain_MRI_Regional_grey_matter_volumes_(FAST)	T1_structural_brain_MRI
25892	Vol._of_grey_matter_in_Brain-Stem	T1_structural_brain_MRI_Regional_grey_matter_volumes_(FAST)	T1_structural_brain_MRI
25893	Vol._of_grey_matter_in_I-IV_Cerebellum_(L)	T1_structural_brain_MRI_Regional_grey_matter_volumes_(FAST)	T1_structural_brain_MRI
25894	Vol._of_grey_matter_in_I-IV_Cerebellum_(R)	T1_structural_brain_MRI_Regional_grey_matter_volumes_(FAST)	T1_structural_brain_MRI
25895	Vol._of_grey_matter_in_V_Cerebellum_(L)	T1_structural_brain_MRI_Regional_grey_matter_volumes_(FAST)	T1_structural_brain_MRI
25896	Vol._of_grey_matter_in_V_Cerebellum_(R)	T1_structural_brain_MRI_Regional_grey_matter_volumes_(FAST)	T1_structural_brain_MRI
25897	Vol._of_grey_matter_in_VI_Cerebellum_(L)	T1_structural_brain_MRI_Regional_grey_matter_volumes_(FAST)	T1_structural_brain_MRI
25898	Vol._of_grey_matter_in_Vermis_VI_Cerebellum	T1_structural_brain_MRI_Regional_grey_matter_volumes_(FAST)	T1_structural_brain_MRI
25899	Vol._of_grey_matter_in_VI_Cerebellum_(R)	T1_structural_brain_MRI_Regional_grey_matter_volumes_(FAST)	T1_structural_brain_MRI
25902	Vol._of_grey_matter_in_Crus_I_Cerebellum_(R)	T1_structural_brain_MRI_Regional_grey_matter_volumes_(FAST)	T1_structural_brain_MRI
25903	Vol._of_grey_matter_in_Crus_II_Cerebellum_(L)	T1_structural_brain_MRI_Regional_grey_matter_volumes_(FAST)	T1_structural_brain_MRI
25904	Vol._of_grey_matter_in_Vermis_Crus_II_Cerebellum	T1_structural_brain_MRI_Regional_grey_matter_volumes_(FAST)	T1_structural_brain_MRI
25905	Vol._of_grey_matter_in_Crus_II_Cerebellum_(R)	T1_structural_brain_MRI_Regional_grey_matter_volumes_(FAST)	T1_structural_brain_MRI
25906	Vol._of_grey_matter_in_VIIb_Cerebellum_(L)	T1_structural_brain_MRI_Regional_grey_matter_volumes_(FAST)	T1_structural_brain_MRI
25907	Vol._of_grey_matter_in_Vermis_VIIb_Cerebellum	T1_structural_brain_MRI_Regional_grey_matter_volumes_(FAST)	T1_structural_brain_MRI
25908	Vol._of_grey_matter_in_VIIb_Cerebellum_(R)	T1_structural_brain_MRI_Regional_grey_matter_volumes_(FAST)	T1_structural_brain_MRI
25909	Vol._of_grey_matter_in_VIIIa_Cerebellum_(L)	T1_structural_brain_MRI_Regional_grey_matter_volumes_(FAST)	T1_structural_brain_MRI
25910	Vol._of_grey_matter_in_Vermis_VIIIa_Cerebellum	T1_structural_brain_MRI_Regional_grey_matter_volumes_(FAST)	T1_structural_brain_MRI
25911	Vol._of_grey_matter_in_VIIIa_Cerebellum_(R)	T1_structural_brain_MRI_Regional_grey_matter_volumes_(FAST)	T1_structural_brain_MRI
25912	Vol._of_grey_matter_in_VIIIb_Cerebellum_(L)	T1_structural_brain_MRI_Regional_grey_matter_volumes_(FAST)	T1_structural_brain_MRI
25913	Vol._of_grey_matter_in_Vermis_VIIIb_Cerebellum	T1_structural_brain_MRI_Regional_grey_matter_volumes_(FAST)	T1_structural_brain_MRI
25914	Vol._of_grey_matter_in_VIIIb_Cerebellum_(R)	T1_structural_brain_MRI_Regional_grey_matter_volumes_(FAST)	T1_structural_brain_MRI
25915	Vol._of_grey_matter_in_IX_Cerebellum_(L)	T1_structural_brain_MRI_Regional_grey_matter_volumes_(FAST)	T1_structural_brain_MRI
25916	Vol._of_grey_matter_in_Vermis_IX_Cerebellum	T1_structural_brain_MRI_Regional_grey_matter_volumes_(FAST)	T1_structural_brain_MRI
25917	Vol._of_grey_matter_in_IX_Cerebellum_(R)	T1_structural_brain_MRI_Regional_grey_matter_volumes_(FAST)	T1_structural_brain_MRI
25919	Vol._of_grey_matter_in_Vermis_X_Cerebellum	T1_structural_brain_MRI_Regional_grey_matter_volumes_(FAST)	T1_structural_brain_MRI
25920	Vol._of_grey_matter_in_X_Cerebellum_(R)	T1_structural_brain_MRI_Regional_grey_matter_volumes_(FAST)	T1_structural_brain_MRI
25781	Total_vol._of_white_matter_hyperintensities_(from_T1_and_T2_FLAIR_images)	T2-weighted_brain_MRI	T2-weighted_brain_MRI
